timestamp,demand_mw
2026-01-12 23:00:00+00:00,40764.23029729266
2026-01-13 00:00:00+00:00,41710.46483022065
2026-01-13 01:00:00+00:00,41318.59761896781
2026-01-13 02:00:00+00:00,41777.34612029182
2026-01-13 03:00:00+00:00,42126.98133486738
2026-01-13 04:00:00+00:00,42542.46330705116
2026-01-13 05:00:00+00:00,41931.654765097206
2026-01-13 06:00:00+00:00,42976.971514724544
2026-01-13 07:00:00+00:00,42196.585395225025
2026-01-13 08:00:00+00:00,43381.90135496745
2026-01-13 09:00:00+00:00,42855.709185926295
2026-01-13 10:00:00+00:00,42827.6337675326
2026-01-13 11:00:00+00:00,44082.12688131499
2026-01-13 12:00:00+00:00,44151.83672767686
2026-01-13 13:00:00+00:00,43559.15165781097
2026-01-13 14:00:00+00:00,44351.1646717875
2026-01-13 15:00:00+00:00,44286.958712981
2026-01-13 16:00:00+00:00,44736.57994145792
2026-01-13 17:00:00+00:00,44535.88412827572
2026-01-13 18:00:00+00:00,44583.07396275399
2026-01-13 19:00:00+00:00,44613.56436866604
2026-01-13 20:00:00+00:00,44887.79479275613
2026-01-13 21:00:00+00:00,45414.273343756
2026-01-13 22:00:00+00:00,45744.28073119659
2026-01-13 23:00:00+00:00,45282.05810086056
2026-01-14 00:00:00+00:00,45114.13647314462
2026-01-14 01:00:00+00:00,45593.31190023149
2026-01-14 02:00:00+00:00,45795.95300408742
2026-01-14 03:00:00+00:00,46559.20987827934
2026-01-14 04:00:00+00:00,46184.72602276562
2026-01-14 05:00:00+00:00,46719.33681544195
2026-01-14 06:00:00+00:00,46631.790598443855
2026-01-14 07:00:00+00:00,46170.596096219575
2026-01-14 08:00:00+00:00,46930.27799975497
2026-01-14 09:00:00+00:00,46812.440784590195
2026-01-14 10:00:00+00:00,46820.8743937534
2026-01-14 11:00:00+00:00,46861.60091756307
2026-01-14 12:00:00+00:00,47369.67386741936
2026-01-14 13:00:00+00:00,47153.62543288175
2026-01-14 14:00:00+00:00,46747.79484242435
2026-01-14 15:00:00+00:00,46603.56514422506
2026-01-14 16:00:00+00:00,47266.49465966785
2026-01-14 17:00:00+00:00,46803.779630770616
2026-01-14 18:00:00+00:00,46732.83678168473
2026-01-14 19:00:00+00:00,46768.44673718957
2026-01-14 20:00:00+00:00,46746.493429140995
2026-01-14 21:00:00+00:00,47215.707185821775
2026-01-14 22:00:00+00:00,46387.81244357921
2026-01-14 23:00:00+00:00,46703.76877964987
2026-01-15 00:00:00+00:00,47000.92358486773
2026-01-15 01:00:00+00:00,46317.90171180454
2026-01-15 02:00:00+00:00,46597.95708371332
2026-01-15 03:00:00+00:00,46366.53888417948
2026-01-15 04:00:00+00:00,46312.557232548585
2026-01-15 05:00:00+00:00,45966.963938813584
2026-01-15 06:00:00+00:00,46410.52788452584
2026-01-15 07:00:00+00:00,46434.609658260066
2026-01-15 08:00:00+00:00,45894.34259864347
2026-01-15 09:00:00+00:00,46325.218747566636
2026-01-15 10:00:00+00:00,46195.10066448418
2026-01-15 11:00:00+00:00,45938.61726798162
2026-01-15 12:00:00+00:00,45379.09812231028
2026-01-15 13:00:00+00:00,45567.5435733654
2026-01-15 14:00:00+00:00,45326.62920632002
2026-01-15 15:00:00+00:00,45141.99629448103
2026-01-15 16:00:00+00:00,44924.33914470576
2026-01-15 17:00:00+00:00,44762.56909632374
2026-01-15 18:00:00+00:00,44304.17069270194
2026-01-15 19:00:00+00:00,44196.43043964064
2026-01-15 20:00:00+00:00,44080.26383163257
2026-01-15 21:00:00+00:00,44224.525275583845
2026-01-15 22:00:00+00:00,43841.671340043096
2026-01-15 23:00:00+00:00,43667.403684182296
2026-01-16 00:00:00+00:00,43893.91651813829
2026-01-16 01:00:00+00:00,43757.04247832549
2026-01-16 02:00:00+00:00,43056.92237822091
2026-01-16 03:00:00+00:00,42905.04583961769
2026-01-16 04:00:00+00:00,42461.23010207114
2026-01-16 05:00:00+00:00,42371.029300782946
2026-01-16 06:00:00+00:00,41707.68117298338
2026-01-16 07:00:00+00:00,41340.062956857124
2026-01-16 08:00:00+00:00,41675.37978508034
2026-01-16 09:00:00+00:00,41494.29838289245
2026-01-16 10:00:00+00:00,41206.69267683571
2026-01-16 11:00:00+00:00,40801.58101540611
2026-01-16 12:00:00+00:00,41104.09529610213
2026-01-16 13:00:00+00:00,40260.89948337864
2026-01-16 14:00:00+00:00,40990.35607967421
2026-01-16 15:00:00+00:00,39929.356926981956
2026-01-16 16:00:00+00:00,40110.45180553314
2026-01-16 17:00:00+00:00,40018.123772295265
2026-01-16 18:00:00+00:00,39694.06743638419
2026-01-16 19:00:00+00:00,39029.18562735227
2026-01-16 20:00:00+00:00,38910.462721556694
2026-01-16 21:00:00+00:00,39068.214994170405
2026-01-16 22:00:00+00:00,38707.09600371512
2026-01-16 23:00:00+00:00,38316.25682354181
2026-01-17 00:00:00+00:00,38070.67995276461
2026-01-17 01:00:00+00:00,38123.40772322101
2026-01-17 02:00:00+00:00,37771.76772969812
2026-01-17 03:00:00+00:00,37617.07301409564
2026-01-17 04:00:00+00:00,36962.52902144257
2026-01-17 05:00:00+00:00,37614.09063713415
2026-01-17 06:00:00+00:00,37475.36054579271
2026-01-17 07:00:00+00:00,36954.826978638084
2026-01-17 08:00:00+00:00,37231.97397805367
2026-01-17 09:00:00+00:00,36722.65846424364
2026-01-17 10:00:00+00:00,36760.64744020556
2026-01-17 11:00:00+00:00,35983.02063656958
2026-01-17 12:00:00+00:00,36165.64164697427
2026-01-17 13:00:00+00:00,35960.89135594992
2026-01-17 14:00:00+00:00,35902.56332721814
2026-01-17 15:00:00+00:00,36045.048846171805
2026-01-17 16:00:00+00:00,36245.577560767415
2026-01-17 17:00:00+00:00,35955.169160032696
2026-01-17 18:00:00+00:00,35463.26086288335
2026-01-17 19:00:00+00:00,35351.83480778837
2026-01-17 20:00:00+00:00,36108.76248856188
2026-01-17 21:00:00+00:00,35365.147394898726
2026-01-17 22:00:00+00:00,35193.16080447803
2026-01-17 23:00:00+00:00,34931.11750105095
2026-01-18 00:00:00+00:00,34369.26464829688
2026-01-18 01:00:00+00:00,35359.02022129536
2026-01-18 02:00:00+00:00,35455.06205054194
2026-01-18 03:00:00+00:00,34989.351832136665
2026-01-18 04:00:00+00:00,34940.35177595437
2026-01-18 05:00:00+00:00,35236.194017741844
2026-01-18 06:00:00+00:00,35191.488605603714
2026-01-18 07:00:00+00:00,35017.411941446095
2026-01-18 08:00:00+00:00,34931.49697582272
2026-01-18 09:00:00+00:00,34675.671029673176
2026-01-18 10:00:00+00:00,35806.66130251961
2026-01-18 11:00:00+00:00,35032.52707950442
2026-01-18 12:00:00+00:00,35538.728293552835
2026-01-18 13:00:00+00:00,35295.51478372771
2026-01-18 14:00:00+00:00,35887.44496622037
2026-01-18 15:00:00+00:00,35520.29996985529
2026-01-18 16:00:00+00:00,36059.59148519805
2026-01-18 17:00:00+00:00,35615.33958699589
2026-01-18 18:00:00+00:00,35582.92606591014
2026-01-18 19:00:00+00:00,35525.08109872439
2026-01-18 20:00:00+00:00,36311.5545240682
2026-01-18 21:00:00+00:00,35958.136910603964
2026-01-18 22:00:00+00:00,36306.48758995465
2026-01-18 23:00:00+00:00,36201.11282964401
2026-01-19 00:00:00+00:00,36334.50863886069
2026-01-19 01:00:00+00:00,36237.68298118314
2026-01-19 02:00:00+00:00,36432.77346406052
2026-01-19 03:00:00+00:00,36803.75896292746
2026-01-19 04:00:00+00:00,37498.55230100417
2026-01-19 05:00:00+00:00,37171.16096721712
2026-01-19 06:00:00+00:00,37496.88551718656
2026-01-19 07:00:00+00:00,37386.81128295074
2026-01-19 08:00:00+00:00,37564.20081017863
2026-01-19 09:00:00+00:00,38484.555636991376
2026-01-19 10:00:00+00:00,37681.719374230146
2026-01-19 11:00:00+00:00,38183.92749335094
2026-01-19 12:00:00+00:00,38708.00991080531
2026-01-19 13:00:00+00:00,39149.3538507232
2026-01-19 14:00:00+00:00,39748.321757768994
2026-01-19 15:00:00+00:00,39290.35164506006
2026-01-19 16:00:00+00:00,39612.146500769995
2026-01-19 17:00:00+00:00,39203.18856293371
2026-01-19 18:00:00+00:00,39725.25813083399
2026-01-19 19:00:00+00:00,40378.73498870731
2026-01-19 20:00:00+00:00,40984.442754201176
2026-01-19 21:00:00+00:00,40806.949003897156
2026-01-19 22:00:00+00:00,39945.37011062449
2026-01-19 23:00:00+00:00,40496.01781606361
